Date,Currency,Mean,Buy,Sell
04/01/2024,KES/CAD,117.8343,117.5238,118.1448
03/01/2024,KES/CAD,118.0399,117.7441,118.3357
02/01/2024,KES/CAD,118.4616,118.0776,118.8457
29/12/2023,KES/CAD,118.3076,117.9495,118.6658
28/12/2023,KES/CAD,118.2576,117.9234,118.5919
27/12/2023,KES/CAD,117.8657,117.5557,118.1757
22/12/2023,KES/CAD,116.2646,115.9804,116.5488
21/12/2023,KES/CAD,115.9256,115.6548,116.1964
20/12/2023,KES/CAD,115.4165,115.1301,115.7028
19/12/2023,KES/CAD,115.4576,115.1559,115.7593
18/12/2023,KES/CAD,114.8293,114.6079,115.0507
15/12/2023,KES/CAD,114.3546,114.1472,114.5619
14/12/2023,KES/CAD,112.9782,112.9004,113.056
13/12/2023,KES/CAD,112.9629,112.8725,113.0532
11/12/2023,KES/CAD,112.9752,112.8848,113.0655
08/12/2023,KES/CAD,112.9273,112.8245,113.03
07/12/2023,KES/CAD,112.6965,112.6064,112.7865
06/12/2023,KES/CAD,112.7866,112.6964,112.8768
05/12/2023,KES/CAD,113.0483,112.9703,113.1262
04/12/2023,KES/CAD,113.1223,113.0443,113.2003
01/12/2023,KES/CAD,112.6316,112.5416,112.7217
30/11/2023,KES/CAD,112.772,112.6776,112.8664
29/11/2023,KES/CAD,112.5661,112.4884,112.6438
28/11/2023,KES/CAD,112.4453,112.3635,112.5271
27/11/2023,KES/CAD,111.763,111.6736,111.8524
24/11/2023,KES/CAD,111.5558,111.4787,111.6329
23/11/2023,KES/CAD,111.1694,111.0804,111.2584
22/11/2023,KES/CAD,111.2024,111.1092,111.2955
21/11/2023,KES/CAD,111.113,111.0239,111.2021
20/11/2023,KES/CAD,111.062,110.9851,111.139
17/11/2023,KES/CAD,110.6579,110.5811,110.7346
16/11/2023,KES/CAD,111.2598,111.1826,111.337
15/11/2023,KES/CAD,109.8553,109.7631,109.9474
14/11/2023,KES/CAD,109.9083,109.82,109.9966
10/11/2023,KES/CAD,109.9007,109.8242,109.9771
09/11/2023,KES/CAD,109.8737,109.7972,109.9502
08/11/2023,KES/CAD,110.0941,109.9974,110.1909
07/11/2023,KES/CAD,110.7093,110.6159,110.8028
06/11/2023,KES/CAD,110.7555,110.6782,110.8329
03/11/2023,KES/CAD,108.8477,108.76,108.9354
02/11/2023,KES/CAD,109.0217,108.9455,109.0979
01/11/2023,KES/CAD,108.799,108.7229,108.8751
31/10/2023,KES/CAD,108.7381,108.6581,108.8182
30/10/2023,KES/CAD,108.6895,108.6015,108.7774
27/10/2023,KES/CAD,108.8789,108.7907,108.9671
26/10/2023,KES/CAD,108.7796,108.6875,108.8717
25/10/2023,KES/CAD,109.4259,109.349,109.5027
24/10/2023,KES/CAD,109.759,109.6699,109.8482
23/10/2023,KES/CAD,109.3644,109.2875,109.4414
19/10/2023,KES/CAD,109.0678,108.991,109.1446
18/10/2023,KES/CAD,109.2719,109.1829,109.361
17/10/2023,KES/CAD,109.6674,109.5739,109.7609
16/10/2023,KES/CAD,109.4199,109.3386,109.5012
13/10/2023,KES/CAD,108.991,108.902,109.08
12/10/2023,KES/CAD,109.672,109.5944,109.7497
11/10/2023,KES/CAD,109.1353,109.046,109.2246
09/10/2023,KES/CAD,108.9388,108.8616,109.016
06/10/2023,KES/CAD,108.3694,108.2926,108.4462
05/10/2023,KES/CAD,108.2715,108.1789,108.3641
04/10/2023,KES/CAD,108.2786,108.1978,108.3595
03/10/2023,KES/CAD,108.1348,108.054,108.2156
02/10/2023,KES/CAD,109.0278,108.9393,109.1163
29/09/2023,KES/CAD,109.8665,109.776,109.957
28/09/2023,KES/CAD,109.6592,109.5769,109.7414
27/09/2023,KES/CAD,109.4516,109.3572,109.5459
26/09/2023,KES/CAD,109.5545,109.4763,109.6328
25/09/2023,KES/CAD,109.5052,109.4146,109.5957
22/09/2023,KES/CAD,109.1768,109.0865,109.267
21/09/2023,KES/CAD,109.9237,109.8326,110.0147
20/09/2023,KES/CAD,109.3702,109.2755,109.4649
19/09/2023,KES/CAD,109.0184,108.9402,109.0966
18/09/2023,KES/CAD,108.7386,108.6485,108.8288
15/09/2023,KES/CAD,108.4936,108.4036,108.5835
14/09/2023,KES/CAD,108.3312,108.2414,108.4211
13/09/2023,KES/CAD,107.8608,107.7674,107.9543
12/09/2023,KES/CAD,107.7299,107.6404,107.8193
11/09/2023,KES/CAD,107.31,107.2209,107.3991
08/09/2023,KES/CAD,107.0353,106.9464,107.1242
07/09/2023,KES/CAD,106.9624,106.8853,107.0396
06/09/2023,KES/CAD,106.9913,106.9023,107.0803
05/09/2023,KES/CAD,107.205,107.1157,107.2943
04/09/2023,KES/CAD,107.5016,107.4119,107.5913
01/09/2023,KES/CAD,107.5215,107.4317,107.6113
31/08/2023,KES/CAD,107.4414,107.3636,107.5193
30/08/2023,KES/CAD,106.6533,106.5642,106.7424
29/08/2023,KES/CAD,106.8104,106.7329,106.8879
28/08/2023,KES/CAD,106.7193,106.6417,106.7968
25/08/2023,KES/CAD,106.6894,106.6001,106.7788
24/08/2023,KES/CAD,107.0595,106.9815,107.1374
23/08/2023,KES/CAD,106.7818,106.704,106.8596
22/08/2023,KES/CAD,106.612,106.5224,106.7015
21/08/2023,KES/CAD,106.5468,106.4573,106.6364
18/08/2023,KES/CAD,106.7583,106.6803,106.8362
17/08/2023,KES/CAD,106.3684,106.2789,106.458
16/08/2023,KES/CAD,106.9557,106.8654,107.0459
15/08/2023,KES/CAD,106.7966,106.7064,106.8867
14/08/2023,KES/CAD,106.7049,106.6267,106.7832
11/08/2023,KES/CAD,107.2627,107.184,107.3414
10/08/2023,KES/CAD,106.6896,106.5993,106.7798
09/08/2023,KES/CAD,106.1954,106.1174,106.2735
08/08/2023,KES/CAD,106.8441,106.7615,106.9267
07/08/2023,KES/CAD,106.8552,106.7764,106.9339
04/08/2023,KES/CAD,107.0032,106.9174,107.089
03/08/2023,KES/CAD,106.9327,106.8417,107.0236
02/08/2023,KES/CAD,107.2772,107.1899,107.3646
01/08/2023,KES/CAD,107.8929,107.8008,107.9849
31/07/2023,KES/CAD,107.4045,107.3129,107.4962
28/07/2023,KES/CAD,107.8539,107.7577,107.9502
27/07/2023,KES/CAD,107.6213,107.5293,107.7133
26/07/2023,KES/CAD,107.7016,107.6054,107.7978
25/07/2023,KES/CAD,107.6236,107.5326,107.7146
24/07/2023,KES/CAD,107.298,107.2195,107.3766
21/07/2023,KES/CAD,107.7397,107.6474,107.8321
20/07/2023,KES/CAD,107.7626,107.6784,107.8469
19/07/2023,KES/CAD,107.4696,107.3774,107.5618
18/07/2023,KES/CAD,107.2029,107.1109,107.2949
17/07/2023,KES/CAD,107.4944,107.4021,107.5868
14/07/2023,KES/CAD,107.9049,107.8162,107.9936
13/07/2023,KES/CAD,106.9654,106.8857,107.0452
12/07/2023,KES/CAD,106.4482,106.3688,106.5276
11/07/2023,KES/CAD,106.2715,106.1801,106.3628
10/07/2023,KES/CAD,106.0798,106.0005,106.159
07/07/2023,KES/CAD,105.7724,105.6815,105.8634
06/07/2023,KES/CAD,105.9071,105.8239,105.9903
05/07/2023,KES/CAD,106.4273,106.3316,106.5231
04/07/2023,KES/CAD,106.1807,106.1012,106.2602
03/07/2023,KES/CAD,106.0132,105.9218,106.1046
30/06/2023,KES/CAD,105.8279,105.7326,105.9231
29/06/2023,KES/CAD,106.7371,106.657,106.8171
27/06/2023,KES/CAD,107.0336,106.9533,107.1139
26/06/2023,KES/CAD,106.7344,106.6503,106.8186
23/06/2023,KES/CAD,106.6973,106.6051,106.7895
22/06/2023,KES/CAD,106.5709,106.4747,106.6671
21/06/2023,KES/CAD,106.0755,105.9838,106.1672
20/06/2023,KES/CAD,106.2244,106.1325,106.3163
19/06/2023,KES/CAD,105.9353,105.8557,106.015
16/06/2023,KES/CAD,105.008,104.9171,105.0988
15/06/2023,KES/CAD,105.0267,104.9476,105.1058
14/06/2023,KES/CAD,104.5352,104.4447,104.6257
13/06/2023,KES/CAD,104.3604,104.27,104.4508
12/06/2023,KES/CAD,104.3273,104.2368,104.4178
09/06/2023,KES/CAD,104.2678,104.189,104.3466
08/06/2023,KES/CAD,103.8113,103.7328,103.8898
07/06/2023,KES/CAD,103.387,103.3088,103.4653
06/06/2023,KES/CAD,103.5134,103.4234,103.6033
05/06/2023,KES/CAD,103.2295,103.1512,103.3077
02/06/2023,KES/CAD,103.1661,103.0725,103.2598
31/05/2023,KES/CAD,101.8542,101.7657,101.9428
30/05/2023,KES/CAD,101.7739,101.6967,101.8512
29/05/2023,KES/CAD,101.5134,101.4252,101.6017
26/05/2023,KES/CAD,101.5931,101.5159,101.6703
25/05/2023,KES/CAD,101.9728,101.8839,102.0617
24/05/2023,KES/CAD,102.1479,102.0701,102.2258
23/05/2023,KES/CAD,102.0382,101.949,102.1274
22/05/2023,KES/CAD,101.9267,101.8488,102.0045
19/05/2023,KES/CAD,101.9662,101.8769,102.0555
18/05/2023,KES/CAD,102.0985,102.009,102.188
17/05/2023,KES/CAD,101.7333,101.6441,101.8225
16/05/2023,KES/CAD,101.7424,101.6493,101.8355
15/05/2023,KES/CAD,101.1926,101.115,101.2703
12/05/2023,KES/CAD,101.4576,101.3685,101.5468
11/05/2023,KES/CAD,102.427,102.3367,102.5172
10/05/2023,KES/CAD,102.0316,101.9532,102.1101
09/05/2023,KES/CAD,102.53,102.4511,102.6089
08/05/2023,KES/CAD,102.0662,101.9876,102.1448
05/05/2023,KES/CAD,100.3732,100.2848,100.4615
04/05/2023,KES/CAD,100.3031,100.2147,100.3915
03/05/2023,KES/CAD,100.0095,99.9214,100.0977
02/05/2023,KES/CAD,100.4896,100.412,100.5672
28/04/2023,KES/CAD,99.8654,99.7882,99.9425
27/04/2023,KES/CAD,99.6386,99.5616,99.7156
26/04/2023,KES/CAD,99.6539,99.5658,99.742
25/04/2023,KES/CAD,99.9501,99.8616,100.0386
24/04/2023,KES/CAD,100.5684,100.4791,100.6576
20/04/2023,KES/CAD,100.3609,100.283,100.4389
19/04/2023,KES/CAD,100.704,100.6143,100.7936
18/04/2023,KES/CAD,100.5134,100.4238,100.603
17/04/2023,KES/CAD,100.898,100.8079,100.9881
14/04/2023,KES/CAD,100.8012,100.7224,100.8801
13/04/2023,KES/CAD,99.6859,99.6078,99.764
12/04/2023,KES/CAD,99.3894,99.3114,99.4675
11/04/2023,KES/CAD,99.0019,98.9241,99.0797
06/04/2023,KES/CAD,99.1005,99.0114,99.1895
05/04/2023,KES/CAD,98.8815,98.8034,98.9595
04/04/2023,KES/CAD,98.6714,98.5823,98.7604
03/04/2023,KES/CAD,97.9928,97.9153,98.0704
31/03/2023,KES/CAD,97.7452,97.6677,97.8227
30/03/2023,KES/CAD,97.2341,97.1426,97.3255
29/03/2023,KES/CAD,96.5077,96.4168,96.5986
28/03/2023,KES/CAD,96.0595,95.9689,96.15
27/03/2023,KES/CAD,95.2774,95.1911,95.3637
24/03/2023,KES/CAD,96.2345,96.1471,96.322
23/03/2023,KES/CAD,95.5534,95.4665,95.6403
22/03/2023,KES/CAD,95.324,95.2475,95.4004
21/03/2023,KES/CAD,95.2114,95.1349,95.2879
20/03/2023,KES/CAD,94.5278,94.4517,94.604
17/03/2023,KES/CAD,94.4805,94.394,94.567
16/03/2023,KES/CAD,94.1736,94.0873,94.2598
15/03/2023,KES/CAD,94.8669,94.7799,94.954
14/03/2023,KES/CAD,94.045,93.9587,94.1313
13/03/2023,KES/CAD,93.4397,93.3641,93.5154
10/03/2023,KES/CAD,93.1408,93.0551,93.2265
09/03/2023,KES/CAD,93.5413,93.4549,93.6276
08/03/2023,KES/CAD,94.1655,94.0887,94.2424
07/03/2023,KES/CAD,94.1423,94.055,94.2296
06/03/2023,KES/CAD,93.952,93.8646,94.0393
03/03/2023,KES/CAD,93.5932,93.5164,93.67
02/03/2023,KES/CAD,93.4715,93.3946,93.5483
01/03/2023,KES/CAD,93.6128,93.5254,93.7003
28/02/2023,KES/CAD,93.36,93.2693,93.4508
27/02/2023,KES/CAD,93.0546,92.964,93.1452
24/02/2023,KES/CAD,93.4438,93.3561,93.5315
23/02/2023,KES/CAD,93.1761,93.0989,93.2534
22/02/2023,KES/CAD,93.6906,93.6024,93.7788
21/02/2023,KES/CAD,93.5487,93.4606,93.6369
20/02/2023,KES/CAD,93.06,92.9722,93.1478
17/02/2023,KES/CAD,93.136,93.0584,93.2136
16/02/2023,KES/CAD,93.6254,93.5368,93.7139
15/02/2023,KES/CAD,94.1415,94.0488,94.2343
14/02/2023,KES/CAD,93.9082,93.8192,93.9972
13/02/2023,KES/CAD,93.6757,93.5869,93.7646
10/02/2023,KES/CAD,93.4453,93.3566,93.5339
09/02/2023,KES/CAD,93.1835,93.1055,93.2615
08/02/2023,KES/CAD,93.0166,92.9248,93.1084
07/02/2023,KES/CAD,92.7157,92.638,92.7935
06/02/2023,KES/CAD,93.3377,93.2558,93.4195
03/02/2023,KES/CAD,93.5111,93.429,93.5931
02/02/2023,KES/CAD,93.7748,93.6854,93.8642
01/02/2023,KES/CAD,92.5648,92.487,92.6426
31/01/2023,KES/CAD,92.7619,92.6735,92.8503
30/01/2023,KES/CAD,93.4008,93.3187,93.4829
27/01/2023,KES/CAD,93.2613,93.1828,93.3398
26/01/2023,KES/CAD,92.9485,92.8598,93.0372
25/01/2023,KES/CAD,92.9958,92.9175,93.0741
24/01/2023,KES/CAD,92.7707,92.6821,92.8592
23/01/2023,KES/CAD,92.1709,92.0829,92.2588
20/01/2023,KES/CAD,91.959,91.8815,92.0365
19/01/2023,KES/CAD,92.7269,92.6383,92.8155
18/01/2023,KES/CAD,92.4956,92.4072,92.584
17/01/2023,KES/CAD,92.5163,92.4279,92.6048
16/01/2023,KES/CAD,92.2427,92.1545,92.3309
13/01/2023,KES/CAD,92.4662,92.388,92.5443
12/01/2023,KES/CAD,92.187,92.0988,92.2752
11/01/2023,KES/CAD,92.4232,92.3347,92.5117
10/01/2023,KES/CAD,92.4741,92.3854,92.5627
09/01/2023,KES/CAD,91.2158,91.1285,91.303
06/01/2023,KES/CAD,91.0845,90.9974,91.1717
05/01/2023,KES/CAD,91.4481,91.3605,91.5357
04/01/2023,KES/CAD,90.7222,90.6321,90.8124
03/01/2023,KES/CAD,91.0673,90.9801,91.1545
30/12/2022,KES/CAD,90.7893,90.7023,90.8762
29/12/2022,KES/CAD,91.3382,91.2608,91.4157
28/12/2022,KES/CAD,90.5849,90.4981,90.6717
23/12/2022,KES/CAD,90.3688,90.2822,90.4554
22/12/2022,KES/CAD,90.6456,90.5687,90.7225
21/12/2022,KES/CAD,90.4973,90.4071,90.5874
20/12/2022,KES/CAD,90.1458,90.0594,90.2323
19/12/2022,KES/CAD,89.9467,89.8604,90.0329
16/12/2022,KES/CAD,90.2202,90.1403,90.3002
15/12/2022,KES/CAD,90.6178,90.5308,90.7049
14/12/2022,KES/CAD,90.7592,90.6787,90.8398
13/12/2022,KES/CAD,90.2393,90.1625,90.3161
09/12/2022,KES/CAD,90.3308,90.2406,90.421
08/12/2022,KES/CAD,89.8655,89.7791,89.9518
07/12/2022,KES/CAD,90.031,89.9511,90.111
06/12/2022,KES/CAD,91.5372,91.4489,91.6255
05/12/2022,KES/CAD,90.7814,90.6939,90.8689
02/12/2022,KES/CAD,91.2412,91.1633,91.3191
01/12/2022,KES/CAD,90.6535,90.566,90.7409
30/11/2022,KES/CAD,90.237,90.16,90.314
29/11/2022,KES/CAD,91.2032,91.1151,91.2913
28/11/2022,KES/CAD,91.606,91.5277,91.6844
25/11/2022,KES/CAD,91.6019,91.5133,91.6906
24/11/2022,KES/CAD,91.6572,91.5787,91.7356
23/11/2022,KES/CAD,91.1877,91.0994,91.2759
22/11/2022,KES/CAD,90.9119,90.8341,90.9897
21/11/2022,KES/CAD,91.0022,90.9141,91.0903
18/11/2022,KES/CAD,91.1314,91.0397,91.223
17/11/2022,KES/CAD,91.9073,91.8181,91.9965
16/11/2022,KES/CAD,91.7245,91.6355,91.8136
15/11/2022,KES/CAD,91.8107,91.7216,91.8999
14/11/2022,KES/CAD,91.5197,91.4412,91.5983
11/11/2022,KES/CAD,90.9842,90.8959,91.0725
10/11/2022,KES/CAD,90.5319,90.4508,90.613
09/11/2022,KES/CAD,90.1664,90.079,90.2539
08/11/2022,KES/CAD,89.913,89.8158,90.0102
07/11/2022,KES/CAD,89.9284,89.8411,90.0157
04/11/2022,KES/CAD,88.2204,88.1349,88.3058
03/11/2022,KES/CAD,88.7101,88.6241,88.7961
02/11/2022,KES/CAD,89.3018,89.2151,89.3885
01/11/2022,KES/CAD,88.8446,88.7584,88.9308
31/10/2022,KES/CAD,89.1887,89.1021,89.2754
28/10/2022,KES/CAD,89.5753,89.4882,89.6623
27/10/2022,KES/CAD,89.4051,89.3281,89.4821
26/10/2022,KES/CAD,88.5554,88.4694,88.6414
25/10/2022,KES/CAD,88.3983,88.3125,88.4842
24/10/2022,KES/CAD,87.701,87.6159,87.786
21/10/2022,KES/CAD,87.8078,87.7322,87.8835
19/10/2022,KES/CAD,88.276,88.1903,88.3618
18/10/2022,KES/CAD,88.5828,88.5064,88.6592
17/10/2022,KES/CAD,87.4278,87.3397,87.5158
14/10/2022,KES/CAD,88.1796,88.1002,88.2589
13/10/2022,KES/CAD,87.4853,87.4098,87.5608
12/10/2022,KES/CAD,87.4019,87.317,87.4868
11/10/2022,KES/CAD,88.1259,88.0402,88.2117
07/10/2022,KES/CAD,87.9133,87.8373,87.9892
06/10/2022,KES/CAD,88.9651,88.8784,89.0519
05/10/2022,KES/CAD,89.3237,89.2465,89.401
04/10/2022,KES/CAD,88.4442,88.358,88.5304
03/10/2022,KES/CAD,87.7704,87.6946,87.8463
30/09/2022,KES/CAD,88.3839,88.2977,88.47
29/09/2022,KES/CAD,87.7032,87.6177,87.7886
28/09/2022,KES/CAD,88.2278,88.1385,88.317
27/09/2022,KES/CAD,88.3074,88.2181,88.3968
26/09/2022,KES/CAD,88.949,88.8621,89.0359
23/09/2022,KES/CAD,89.8026,89.7148,89.8905
22/09/2022,KES/CAD,89.3303,89.243,89.4177
21/09/2022,KES/CAD,90.1124,90.0241,90.2006
20/09/2022,KES/CAD,90.8553,90.7661,90.9444
19/09/2022,KES/CAD,90.7531,90.6641,90.8422
16/09/2022,KES/CAD,91.1925,91.103,91.2821
15/09/2022,KES/CAD,91.3664,91.2836,91.4492
14/09/2022,KES/CAD,92.6997,92.6084,92.791
12/09/2022,KES/CAD,92.3454,92.2545,92.4363
09/09/2022,KES/CAD,91.7245,91.6343,91.8148
08/09/2022,KES/CAD,91.0954,91.0059,91.1849
07/09/2022,KES/CAD,91.2283,91.149,91.3077
06/09/2022,KES/CAD,91.5304,91.4508,91.61
05/09/2022,KES/CAD,91.7161,91.6257,91.8064
02/09/2022,KES/CAD,91.1121,91.0328,91.1914
01/09/2022,KES/CAD,91.4271,91.337,91.5172
31/08/2022,KES/CAD,91.7846,91.7046,91.8646
30/08/2022,KES/CAD,92.143,92.0521,92.234
29/08/2022,KES/CAD,92.7923,92.7113,92.8733
26/08/2022,KES/CAD,92.5628,92.4714,92.6543
25/08/2022,KES/CAD,92.6114,92.5198,92.703
24/08/2022,KES/CAD,92.3479,92.2566,92.4392
23/08/2022,KES/CAD,91.8948,91.804,91.9857
22/08/2022,KES/CAD,92.0864,91.9952,92.1775
19/08/2022,KES/CAD,92.2386,92.1579,92.3193
18/08/2022,KES/CAD,92.4432,92.3515,92.5348
17/08/2022,KES/CAD,93.0405,92.959,93.122
16/08/2022,KES/CAD,92.5158,92.4347,92.5968
15/08/2022,KES/CAD,93.3489,93.2561,93.4417
12/08/2022,KES/CAD,93.6256,93.5434,93.7077
11/08/2022,KES/CAD,93.2628,93.1664,93.3593
10/08/2022,KES/CAD,92.5081,92.4269,92.5893
08/08/2022,KES/CAD,92.1425,92.0616,92.2234
05/08/2022,KES/CAD,92.5807,92.485,92.6764
04/08/2022,KES/CAD,92.6646,92.5832,92.7461
03/08/2022,KES/CAD,92.4083,92.3163,92.5003
02/08/2022,KES/CAD,92.434,92.3527,92.5154
01/08/2022,KES/CAD,92.5407,92.4556,92.6258
29/07/2022,KES/CAD,92.8089,92.7126,92.9051
28/07/2022,KES/CAD,92.4265,92.3343,92.5187
27/07/2022,KES/CAD,92.2151,92.1231,92.3071
26/07/2022,KES/CAD,92.2661,92.1848,92.3475
25/07/2022,KES/CAD,92.2256,92.1335,92.3177
22/07/2022,KES/CAD,91.9865,91.8947,92.0784
21/07/2022,KES/CAD,92.1336,92.0415,92.2256
20/07/2022,KES/CAD,91.4624,91.3711,91.5537
19/07/2022,KES/CAD,91.3419,91.2507,91.4332
18/07/2022,KES/CAD,91.0844,91.004,91.1649
15/07/2022,KES/CAD,90.0124,89.9328,90.0919
14/07/2022,KES/CAD,90.7268,90.6466,90.807
13/07/2022,KES/CAD,90.684,90.5934,90.7747
12/07/2022,KES/CAD,90.7036,90.6129,90.7943
08/07/2022,KES/CAD,90.925,90.8327,91.0172
07/07/2022,KES/CAD,90.6129,90.5222,90.7036
06/07/2022,KES/CAD,90.6706,90.5693,90.7718
05/07/2022,KES/CAD,91.2737,91.1822,91.3652
04/07/2022,KES/CAD,91.5279,91.436,91.6197
01/07/2022,KES/CAD,91.184,91.0925,91.2755
30/06/2022,KES/CAD,91.6555,91.5635,91.7476
29/06/2022,KES/CAD,91.7627,91.6598,91.8656
28/06/2022,KES/CAD,91.5442,91.4629,91.6255
27/06/2022,KES/CAD,90.7539,90.6523,90.8555
24/06/2022,KES/CAD,90.8189,90.7347,90.9031
23/06/2022,KES/CAD,90.6971,90.6059,90.7882
22/06/2022,KES/CAD,90.7802,90.6889,90.8715
21/06/2022,KES/CAD,90.3661,90.2857,90.4466
20/06/2022,KES/CAD,90.2638,90.173,90.3546
17/06/2022,KES/CAD,90.6066,90.5154,90.6978
16/06/2022,KES/CAD,90.8519,90.7709,90.9329
15/06/2022,KES/CAD,90.6973,90.6059,90.7887
14/06/2022,KES/CAD,91.1882,91.1032,91.2731
13/06/2022,KES/CAD,91.8215,91.7287,91.9144
10/06/2022,KES/CAD,93.0274,92.9331,93.1217
09/06/2022,KES/CAD,93.328,93.2297,93.4264
08/06/2022,KES/CAD,92.8912,92.797,92.9854
07/06/2022,KES/CAD,93.192,93.0974,93.2866
06/06/2022,KES/CAD,92.9285,92.8342,93.0228
03/06/2022,KES/CAD,92.9292,92.8349,93.0235
02/06/2022,KES/CAD,92.096,92.0136,92.1785
31/05/2022,KES/CAD,92.1266,92.0441,92.2092
30/05/2022,KES/CAD,91.5266,91.4338,91.6194
27/05/2022,KES/CAD,91.0513,90.9496,91.1531
26/05/2022,KES/CAD,90.8016,90.7096,90.8936
25/05/2022,KES/CAD,91.1168,91.0351,91.1985
24/05/2022,KES/CAD,91.0864,90.9939,91.1788
23/05/2022,KES/CAD,90.9749,90.8719,91.0779
20/05/2022,KES/CAD,90.8711,90.7789,90.9634
19/05/2022,KES/CAD,90.6195,90.5298,90.7092
18/05/2022,KES/CAD,90.7385,90.6463,90.8307
17/05/2022,KES/CAD,90.0768,89.9854,90.1683
16/05/2022,KES/CAD,89.647,89.556,89.738
13/05/2022,KES/CAD,89.3602,89.2695,89.4509
12/05/2022,KES/CAD,89.4362,89.3453,89.527
11/05/2022,KES/CAD,90.6637,90.5714,90.756
10/05/2022,KES/CAD,89.2826,89.1918,89.3733
09/05/2022,KES/CAD,90.5686,90.4763,90.6608
06/05/2022,KES/CAD,90.5364,90.4442,90.6287
05/05/2022,KES/CAD,91.0188,90.9223,91.1152
04/05/2022,KES/CAD,90.2231,90.1417,90.3045
28/04/2022,KES/CAD,90.1347,90.0534,90.2161
27/04/2022,KES/CAD,90.2958,90.2037,90.3879
26/04/2022,KES/CAD,90.5865,90.494,90.679
25/04/2022,KES/CAD,90.8222,90.7294,90.915
22/04/2022,KES/CAD,92.5147,92.4198,92.6095
21/04/2022,KES/CAD,92.3024,92.2078,92.397
20/04/2022,KES/CAD,91.4572,91.3744,91.54
19/04/2022,KES/CAD,91.7565,91.6625,91.8505
14/04/2022,KES/CAD,91.9937,91.8883,92.099
13/04/2022,KES/CAD,91.4202,91.3265,91.5139
12/04/2022,KES/CAD,91.5904,91.4965,91.6844
11/04/2022,KES/CAD,91.53,91.447,91.613
08/04/2022,KES/CAD,91.8412,91.7469,91.9355
07/04/2022,KES/CAD,92.1442,92.0606,92.2279
06/04/2022,KES/CAD,92.7233,92.6166,92.83
05/04/2022,KES/CAD,92.1992,92.0933,92.3052
04/04/2022,KES/CAD,91.9344,91.8398,92.029
01/04/2022,KES/CAD,91.8234,91.7252,91.9216
31/03/2022,KES/CAD,92.3823,92.2871,92.4775
30/03/2022,KES/CAD,91.9795,91.8847,92.0743
29/03/2022,KES/CAD,91.952,91.8535,92.0505
28/03/2022,KES/CAD,91.6447,91.5466,91.7429
25/03/2022,KES/CAD,91.2373,91.1433,91.3314
24/03/2022,KES/CAD,90.9632,90.8658,91.0607
23/03/2022,KES/CAD,90.9537,90.849,91.0584
22/03/2022,KES/CAD,90.8217,90.7279,90.9155
21/03/2022,KES/CAD,90.5456,90.4521,90.6391
18/03/2022,KES/CAD,90.3802,90.2762,90.4842
17/03/2022,KES/CAD,90.0043,89.9125,90.096
16/03/2022,KES/CAD,89.147,89.0551,89.2389
15/03/2022,KES/CAD,89.6151,89.5226,89.7076
14/03/2022,KES/CAD,89.839,89.7461,89.9318
11/03/2022,KES/CAD,89.0149,88.93,89.0998
10/03/2022,KES/CAD,88.9458,88.8541,89.0376
09/03/2022,KES/CAD,88.8749,88.7796,88.9701
08/03/2022,KES/CAD,89.5941,89.4909,89.6973
07/03/2022,KES/CAD,89.4299,89.3479,89.5119
04/03/2022,KES/CAD,89.6507,89.5685,89.733
03/03/2022,KES/CAD,89.6308,89.5486,89.7131
02/03/2022,KES/CAD,89.7965,89.7034,89.8895
01/03/2022,KES/CAD,89.812,89.7295,89.8944
28/02/2022,KES/CAD,89.1463,89.0505,89.242
25/02/2022,KES/CAD,88.7975,88.7056,88.8893
24/02/2022,KES/CAD,88.9792,88.8976,89.0609
23/02/2022,KES/CAD,89.3464,89.2503,89.4425
22/02/2022,KES/CAD,89.1789,89.0934,89.2643
21/02/2022,KES/CAD,89.476,89.3833,89.5688
18/02/2022,KES/CAD,89.5032,89.4209,89.5855
17/02/2022,KES/CAD,89.5989,89.5059,89.6919
16/02/2022,KES/CAD,89.3149,89.2222,89.4075
15/02/2022,KES/CAD,88.9606,88.8684,89.0529
14/02/2022,KES/CAD,89.2588,89.1663,89.3514
11/02/2022,KES/CAD,89.6744,89.5814,89.7675
10/02/2022,KES/CAD,89.5155,89.4332,89.5978
09/02/2022,KES/CAD,89.4415,89.3487,89.5343
08/02/2022,KES/CAD,89.2752,89.1826,89.3678
07/02/2022,KES/CAD,89.1994,89.1174,89.2814
04/02/2022,KES/CAD,89.5005,89.4076,89.5934
03/02/2022,KES/CAD,89.5404,89.458,89.6228
02/02/2022,KES/CAD,89.4972,89.4149,89.5796
01/02/2022,KES/CAD,89.2862,89.19,89.3823
31/01/2022,KES/CAD,89.1752,89.0897,89.2607
28/01/2022,KES/CAD,89.2816,89.1854,89.3777
27/01/2022,KES/CAD,89.3368,89.2441,89.4295
26/01/2022,KES/CAD,90.0524,89.9588,90.146
25/01/2022,KES/CAD,89.9634,89.8663,90.0604
24/01/2022,KES/CAD,90.3933,90.31,90.4765
21/01/2022,KES/CAD,90.8468,90.7632,90.9305
20/01/2022,KES/CAD,90.9893,90.8945,91.084
19/01/2022,KES/CAD,90.7451,90.6506,90.8396
18/01/2022,KES/CAD,90.5904,90.507,90.6739
17/01/2022,KES/CAD,90.65,90.5556,90.7445
14/01/2022,KES/CAD,90.8395,90.7448,90.9342
13/01/2022,KES/CAD,90.4854,90.3911,90.5797
12/01/2022,KES/CAD,90.2775,90.1942,90.3607
11/01/2022,KES/CAD,89.582,89.4888,89.6753
10/01/2022,KES/CAD,89.0413,88.9591,89.1234
07/01/2022,KES/CAD,89.0624,88.9802,89.1446
06/01/2022,KES/CAD,88.4502,88.3686,88.5318
05/01/2022,KES/CAD,88.9694,88.8873,89.0515
04/01/2022,KES/CAD,88.8717,88.7897,88.9537
03/01/2022,KES/CAD,89.2152,89.1328,89.2976
31/12/2021,KES/CAD,88.8741,88.7921,88.9561
30/12/2021,KES/CAD,88.4181,88.3364,88.4997
29/12/2021,KES/CAD,88.2089,88.1275,88.2903
28/12/2021,KES/CAD,88.425,88.3434,88.5066
24/12/2021,KES/CAD,88.2227,88.1412,88.3041
23/12/2021,KES/CAD,87.621,87.5401,87.7019
22/12/2021,KES/CAD,87.5282,87.4474,87.609
21/12/2021,KES/CAD,87.4481,87.3572,87.539
20/12/2021,KES/CAD,88.1779,88.0862,88.2697
17/12/2021,KES/CAD,88.2859,88.1939,88.3778
16/12/2021,KES/CAD,87.7225,87.6414,87.8036
15/12/2021,KES/CAD,87.8919,87.8004,87.9834
14/12/2021,KES/CAD,88.0461,87.9647,88.1275
10/12/2021,KES/CAD,88.9334,88.8511,89.0157
09/12/2021,KES/CAD,89.0989,89.0164,89.1813
08/12/2021,KES/CAD,88.9379,88.845,89.0308
07/12/2021,KES/CAD,88.0549,87.9733,88.1365
06/12/2021,KES/CAD,87.793,87.7014,87.8846
03/12/2021,KES/CAD,87.8008,87.7194,87.8822
02/12/2021,KES/CAD,88.3103,88.2284,88.3922
01/12/2021,KES/CAD,88.0983,88.0165,88.18
30/11/2021,KES/CAD,88.3231,88.2307,88.4155
29/11/2021,KES/CAD,88.1086,88.0164,88.2007
26/11/2021,KES/CAD,88.7369,88.644,88.8299
25/11/2021,KES/CAD,88.5494,88.4671,88.6317
24/11/2021,KES/CAD,88.5447,88.4624,88.627
23/11/2021,KES/CAD,88.3951,88.3024,88.4877
22/11/2021,KES/CAD,88.7445,88.6514,88.8376
19/11/2021,KES/CAD,89.0266,88.9331,89.1201
18/11/2021,KES/CAD,89.2551,89.1719,89.3382
17/11/2021,KES/CAD,89.3735,89.2866,89.4604
16/11/2021,KES/CAD,89.4215,89.3273,89.5156
15/11/2021,KES/CAD,88.8894,88.7959,88.983
12/11/2021,KES/CAD,89.028,88.9448,89.1112
11/11/2021,KES/CAD,89.3616,89.2674,89.4559
10/11/2021,KES/CAD,89.7333,89.6386,89.8281
09/11/2021,KES/CAD,89.7649,89.6809,89.8489
08/11/2021,KES/CAD,89.5691,89.4745,89.6637
05/11/2021,KES/CAD,89.7799,89.6958,89.864
04/11/2021,KES/CAD,89.8369,89.7527,89.9212
03/11/2021,KES/CAD,89.7272,89.643,89.8113
02/11/2021,KES/CAD,89.8874,89.803,89.9718
01/11/2021,KES/CAD,90.0507,89.9661,90.1353
29/10/2021,KES/CAD,90.0305,89.935,90.1261
28/10/2021,KES/CAD,89.8278,89.7325,89.9232
27/10/2021,KES/CAD,89.903,89.8076,89.9984
26/10/2021,KES/CAD,89.8827,89.7982,89.9672
25/10/2021,KES/CAD,89.9585,89.8739,90.0432
22/10/2021,KES/CAD,90.0222,89.9375,90.1069
21/10/2021,KES/CAD,89.922,89.8264,90.0175
19/10/2021,KES/CAD,89.4738,89.3787,89.569
18/10/2021,KES/CAD,89.4704,89.3861,89.5547
15/10/2021,KES/CAD,89.7314,89.6468,89.816
14/10/2021,KES/CAD,88.9545,88.8599,89.049
13/10/2021,KES/CAD,88.9464,88.8625,89.0303
12/10/2021,KES/CAD,88.7885,88.6941,88.883
08/10/2021,KES/CAD,88.1817,88.0985,88.2648
07/10/2021,KES/CAD,87.9388,87.8558,88.0217
06/10/2021,KES/CAD,87.7793,87.686,87.8725
05/10/2021,KES/CAD,87.5979,87.5152,87.6806
04/10/2021,KES/CAD,87.5768,87.4941,87.6596
01/10/2021,KES/CAD,86.7237,86.6316,86.8158
30/09/2021,KES/CAD,87.0413,86.9591,87.1235
29/09/2021,KES/CAD,87.3774,87.2948,87.46
28/09/2021,KES/CAD,87.2224,87.14,87.3049
27/09/2021,KES/CAD,86.9906,86.8981,87.0831
24/09/2021,KES/CAD,87.1577,87.065,87.2504
23/09/2021,KES/CAD,86.5383,86.4463,86.6303
22/09/2021,KES/CAD,86.2209,86.1292,86.3125
21/09/2021,KES/CAD,86.3343,86.2424,86.4262
20/09/2021,KES/CAD,86.9811,86.8987,87.0635
17/09/2021,KES/CAD,86.9244,86.8352,87.0137
16/09/2021,KES/CAD,87.0899,86.997,87.1829
15/09/2021,KES/CAD,86.6589,86.5664,86.7514
14/09/2021,KES/CAD,86.6622,86.5696,86.7547
13/09/2021,KES/CAD,86.5747,86.4925,86.6569
10/09/2021,KES/CAD,86.6784,86.5858,86.771
09/09/2021,KES/CAD,86.9247,86.832,87.0174
08/09/2021,KES/CAD,87.3928,87.2996,87.4861
07/09/2021,KES/CAD,87.7007,87.6175,87.7839
06/09/2021,KES/CAD,87.7927,87.6989,87.8865
03/09/2021,KES/CAD,87.6107,87.5171,87.7043
02/09/2021,KES/CAD,87.3667,87.2734,87.4601
01/09/2021,KES/CAD,87.3942,87.3031,87.4853
31/08/2021,KES/CAD,87.2552,87.162,87.3485
30/08/2021,KES/CAD,87.0054,86.9124,87.0984
27/08/2021,KES/CAD,86.9733,86.8803,87.0663
26/08/2021,KES/CAD,86.9405,86.8578,87.0232
25/08/2021,KES/CAD,86.8582,86.7652,86.9512
24/08/2021,KES/CAD,86.1283,86.0362,86.2204
23/08/2021,KES/CAD,84.9281,84.8472,85.0089
20/08/2021,KES/CAD,84.9549,84.8642,85.0457
19/08/2021,KES/CAD,86.2123,86.1302,86.2944
18/08/2021,KES/CAD,86.7568,86.6637,86.8498
17/08/2021,KES/CAD,86.8824,86.796,86.9687
16/08/2021,KES/CAD,87.1537,87.06,87.2474
13/08/2021,KES/CAD,87.2216,87.1382,87.3049
12/08/2021,KES/CAD,87.3013,87.2073,87.3952
11/08/2021,KES/CAD,87.0157,86.9324,87.099
10/08/2021,KES/CAD,86.5513,86.458,86.6446
09/08/2021,KES/CAD,86.6132,86.5198,86.7066
06/08/2021,KES/CAD,86.8959,86.8021,86.9897
05/08/2021,KES/CAD,86.6546,86.5611,86.7482
04/08/2021,KES/CAD,86.9003,86.8168,86.9837
03/08/2021,KES/CAD,87.1779,87.0836,87.2721
02/08/2021,KES/CAD,87.2852,87.1909,87.3796
30/07/2021,KES/CAD,87.1066,87.0229,87.1903
29/07/2021,KES/CAD,86.9599,86.8763,87.0435
28/07/2021,KES/CAD,86.3433,86.2603,86.4263
27/07/2021,KES/CAD,86.3876,86.2942,86.4809
26/07/2021,KES/CAD,86.1734,86.0801,86.2667
23/07/2021,KES/CAD,86.2014,86.108,86.2948
22/07/2021,KES/CAD,85.466,85.3736,85.5585
21/07/2021,KES/CAD,84.7033,84.6118,84.7949
19/07/2021,KES/CAD,85.9344,85.8413,86.0275
16/07/2021,KES/CAD,86.096,86.0027,86.1893
15/07/2021,KES/CAD,86.7103,86.6161,86.8045
14/07/2021,KES/CAD,86.4551,86.3612,86.549
13/07/2021,KES/CAD,86.6407,86.557,86.7245
12/07/2021,KES/CAD,86.5921,86.5084,86.6758
09/07/2021,KES/CAD,86.0708,85.9774,86.1643
08/07/2021,KES/CAD,86.2565,86.1628,86.3502
07/07/2021,KES/CAD,87.3806,87.2855,87.4757
06/07/2021,KES/CAD,87.3665,87.2714,87.4616
05/07/2021,KES/CAD,86.9325,86.845,87.0201
02/07/2021,KES/CAD,86.8278,86.7334,86.9222
01/07/2021,KES/CAD,87.1733,87.0785,87.2682
30/06/2021,KES/CAD,87.1868,87.0918,87.2817
29/06/2021,KES/CAD,87.4644,87.3761,87.5526
28/06/2021,KES/CAD,87.6729,87.5773,87.7686
25/06/2021,KES/CAD,87.604,87.5085,87.6996
24/06/2021,KES/CAD,87.8398,87.7439,87.9356
23/06/2021,KES/CAD,87.056,86.9577,87.1543
22/06/2021,KES/CAD,87.1111,87.0162,87.206
21/06/2021,KES/CAD,86.3921,86.2981,86.4861
18/06/2021,KES/CAD,87.4291,87.3338,87.5243
17/06/2021,KES/CAD,88.4924,88.3995,88.5854
16/06/2021,KES/CAD,88.438,88.3415,88.5346
15/06/2021,KES/CAD,88.814,88.717,88.911
14/06/2021,KES/CAD,89.0473,88.9499,89.1446
11/06/2021,KES/CAD,89.0962,89.01,89.1825
10/06/2021,KES/CAD,89.4051,89.3074,89.5027
09/06/2021,KES/CAD,89.37,89.2724,89.4676
08/06/2021,KES/CAD,89.3212,89.2236,89.4188
07/06/2021,KES/CAD,89.2184,89.1209,89.3159
04/06/2021,KES/CAD,89.3676,89.2813,89.454
03/06/2021,KES/CAD,89.1972,89.0996,89.2948
02/06/2021,KES/CAD,89.2283,89.127,89.3297
31/05/2021,KES/CAD,88.8083,88.711,88.9055
28/05/2021,KES/CAD,88.9334,88.836,89.0308
27/05/2021,KES/CAD,88.7022,88.616,88.7883
26/05/2021,KES/CAD,89.4366,89.3387,89.5345
25/05/2021,KES/CAD,89.5346,89.4443,89.6249
24/05/2021,KES/CAD,89.9064,89.8084,90.0043
21/05/2021,KES/CAD,89.3756,89.2894,89.4619
20/05/2021,KES/CAD,89.2852,89.1988,89.3717
19/05/2021,KES/CAD,89.3266,89.2286,89.4245
18/05/2021,KES/CAD,88.3965,88.3104,88.4825
17/05/2021,KES/CAD,88.3068,88.2208,88.3928
13/05/2021,KES/CAD,88.5736,88.4836,88.6637
12/05/2021,KES/CAD,88.1528,88.0557,88.2499
11/05/2021,KES/CAD,88.0227,87.9291,88.1162
10/05/2021,KES/CAD,88.1236,88.0265,88.2207
07/05/2021,KES/CAD,87.2887,87.1928,87.3847
06/05/2021,KES/CAD,87.2198,87.1347,87.3049
05/05/2021,KES/CAD,87.2496,87.1611,87.338
04/05/2021,KES/CAD,87.6264,87.5415,87.7113
03/05/2021,KES/CAD,87.8567,87.7609,87.9525
30/04/2021,KES/CAD,87.7495,87.6539,87.8451
29/04/2021,KES/CAD,87.0365,86.9418,87.1313
28/04/2021,KES/CAD,86.9629,86.8788,87.0471
27/04/2021,KES/CAD,87.1563,87.0687,87.244
26/04/2021,KES/CAD,87.142,87.0477,87.2362
23/04/2021,KES/CAD,86.8108,86.7273,86.8942
22/04/2021,KES/CAD,86.0686,85.9755,86.1616
21/04/2021,KES/CAD,86.3099,86.2163,86.4035
20/04/2021,KES/CAD,86.3902,86.2929,86.4875
19/04/2021,KES/CAD,85.9875,85.8937,86.0812
16/04/2021,KES/CAD,85.6823,85.5885,85.776
15/04/2021,KES/CAD,85.1688,85.0856,85.2519
14/04/2021,KES/CAD,84.7381,84.6454,84.8308
13/04/2021,KES/CAD,85.3693,85.2793,85.4592
12/04/2021,KES/CAD,85.373,85.2798,85.4662
09/04/2021,KES/CAD,85.742,85.6592,85.8248
08/04/2021,KES/CAD,85.7017,85.6089,85.7944
07/04/2021,KES/CAD,86.3093,86.2161,86.4025
06/04/2021,KES/CAD,86.8906,86.8074,86.9739
01/04/2021,KES/CAD,87.1871,87.0934,87.2807
31/03/2021,KES/CAD,86.8211,86.7246,86.9176
30/03/2021,KES/CAD,87.1224,87.0396,87.2053
29/03/2021,KES/CAD,87.3204,87.2269,87.4138
26/03/2021,KES/CAD,87.2628,87.1694,87.3561
25/03/2021,KES/CAD,87.3625,87.276,87.449
24/03/2021,KES/CAD,87.3212,87.2278,87.4145
23/03/2021,KES/CAD,88.035,87.9407,88.1292
22/03/2021,KES/CAD,87.9164,87.8328,87.9999
19/03/2021,KES/CAD,87.9143,87.8202,88.0084
18/03/2021,KES/CAD,88.0137,87.9194,88.108
17/03/2021,KES/CAD,88.0264,87.9356,88.1173
16/03/2021,KES/CAD,87.9454,87.8476,88.0432
15/03/2021,KES/CAD,87.3418,87.2482,87.4353
12/03/2021,KES/CAD,87.1994,87.1025,87.2962
11/03/2021,KES/CAD,86.6721,86.5793,86.7648
10/03/2021,KES/CAD,87.0022,86.909,87.0953
09/03/2021,KES/CAD,86.4227,86.3405,86.5049
08/03/2021,KES/CAD,86.256,86.1638,86.3483
05/03/2021,KES/CAD,86.7979,86.705,86.8908
04/03/2021,KES/CAD,86.7833,86.6905,86.8762
03/03/2021,KES/CAD,86.9221,86.8292,87.015
02/03/2021,KES/CAD,86.4976,86.4052,86.59
01/03/2021,KES/CAD,86.4454,86.3531,86.5377
26/02/2021,KES/CAD,87.022,86.9393,87.1047
25/02/2021,KES/CAD,87.346,87.2525,87.4394
24/02/2021,KES/CAD,86.9267,86.8417,87.0116
23/02/2021,KES/CAD,86.8222,86.7258,86.9186
22/02/2021,KES/CAD,86.9128,86.8197,87.0059
19/02/2021,KES/CAD,86.3346,86.2422,86.4271
18/02/2021,KES/CAD,86.0779,85.996,86.1599
17/02/2021,KES/CAD,86.2526,86.1704,86.3348
16/02/2021,KES/CAD,86.5423,86.4495,86.635
15/02/2021,KES/CAD,85.9453,85.8634,86.0272
12/02/2021,KES/CAD,86.4137,86.3211,86.5063
11/02/2021,KES/CAD,86.1956,86.1033,86.2879
10/02/2021,KES/CAD,86.0952,85.9997,86.1907
09/02/2021,KES/CAD,85.8338,85.7488,85.9188
08/02/2021,KES/CAD,85.6586,85.5772,85.7401
05/02/2021,KES/CAD,85.6702,85.5855,85.7549
04/02/2021,KES/CAD,85.7648,85.6734,85.8563
03/02/2021,KES/CAD,85.4955,85.4045,85.5865
02/02/2021,KES/CAD,85.9919,85.9004,86.0834
01/02/2021,KES/CAD,86.0345,85.943,86.1261
29/01/2021,KES/CAD,85.6819,85.5908,85.7731
28/01/2021,KES/CAD,86.3738,86.292,86.4556
27/01/2021,KES/CAD,86.56,86.478,86.642
26/01/2021,KES/CAD,86.6883,86.5959,86.7807
25/01/2021,KES/CAD,86.5986,86.5063,86.691
22/01/2021,KES/CAD,86.6684,86.5758,86.761
21/01/2021,KES/CAD,87.3655,87.2723,87.4586
20/01/2021,KES/CAD,86.5844,86.5024,86.6664
19/01/2021,KES/CAD,86.2403,86.1484,86.3321
18/01/2021,KES/CAD,86.6716,86.5792,86.764
15/01/2021,KES/CAD,86.984,86.9016,87.0664
14/01/2021,KES/CAD,86.649,86.5668,86.7312
13/01/2021,KES/CAD,85.9503,85.8685,86.032
12/01/2021,KES/CAD,85.7746,85.693,85.8563
11/01/2021,KES/CAD,85.8576,85.7759,85.9393
08/01/2021,KES/CAD,86.4027,86.3102,86.4952
07/01/2021,KES/CAD,86.1983,86.1059,86.2906
06/01/2021,KES/CAD,86.3635,86.2778,86.4493
05/01/2021,KES/CAD,86.0718,85.9794,86.1641
04/01/2021,KES/CAD,85.6231,85.5346,85.7115
